{
  "id": "1762936",
  "name": "shop",
  "font_family": "iconfont",
  "css_prefix_text": "icon-",
  "description": "",
  "glyphs": [
    {
      "icon_id": "3257719",
      "name": "01 首页_填充",
      "font_class": "shouye_tianchong",
      "unicode": "e618",
      "unicode_decimal": 58904
    },
    {
      "icon_id": "3257720",
      "name": "01 首页",
      "font_class": "shouye",
      "unicode": "e619",
      "unicode_decimal": 58905
    },
    {
      "icon_id": "3257721",
      "name": "02 附近",
      "font_class": "fujin",
      "unicode": "e61a",
      "unicode_decimal": 58906
    },
    {
      "icon_id": "3257722",
      "name": "03 购物车_填充",
      "font_class": "gouwuche_tianchong",
      "unicode": "e61b",
      "unicode_decimal": 58907
    },
    {
      "icon_id": "3257723",
      "name": "03 购物车",
      "font_class": "gouwuche",
      "unicode": "e61c",
      "unicode_decimal": 58908
    },
    {
      "icon_id": "3257724",
      "name": "02 附近_填充",
      "font_class": "fujin_tianchong",
      "unicode": "e61d",
      "unicode_decimal": 58909
    },
    {
      "icon_id": "3257725",
      "name": "04 我的",
      "font_class": "wode",
      "unicode": "e61e",
      "unicode_decimal": 58910
    },
    {
      "icon_id": "3257726",
      "name": "04 我的_填充",
      "font_class": "wode_tianchong",
      "unicode": "e61f",
      "unicode_decimal": 58911
    },
    {
      "icon_id": "3257785",
      "name": "05 分类",
      "font_class": "fenlei",
      "unicode": "e620",
      "unicode_decimal": 58912
    },
    {
      "icon_id": "3257786",
      "name": "05 分类_填充",
      "font_class": "fenlei_tianchong",
      "unicode": "e621",
      "unicode_decimal": 58913
    },
    {
      "icon_id": "3257787",
      "name": "06 收藏",
      "font_class": "shoucang",
      "unicode": "e622",
      "unicode_decimal": 58914
    },
    {
      "icon_id": "3257788",
      "name": "06 收藏_填充",
      "font_class": "shoucang_tianchong",
      "unicode": "e623",
      "unicode_decimal": 58915
    },
    {
      "icon_id": "3257933",
      "name": "07 扫一扫",
      "font_class": "saoyisao",
      "unicode": "e624",
      "unicode_decimal": 58916
    },
    {
      "icon_id": "3257934",
      "name": "08 通知",
      "font_class": "tongzhi",
      "unicode": "e625",
      "unicode_decimal": 58917
    },
    {
      "icon_id": "3257935",
      "name": "08 消息",
      "font_class": "xiaoxi",
      "unicode": "e626",
      "unicode_decimal": 58918
    },
    {
      "icon_id": "3257937",
      "name": "09 设置",
      "font_class": "shezhi",
      "unicode": "e627",
      "unicode_decimal": 58919
    },
    {
      "icon_id": "3257941",
      "name": "10 搜索",
      "font_class": "sousuo",
      "unicode": "e628",
      "unicode_decimal": 58920
    },
    {
      "icon_id": "3257942",
      "name": "11 答疑",
      "font_class": "dayi",
      "unicode": "e629",
      "unicode_decimal": 58921
    },
    {
      "icon_id": "3258057",
      "name": "12 分享",
      "font_class": "fenxiang",
      "unicode": "e62a",
      "unicode_decimal": 58922
    },
    {
      "icon_id": "3258059",
      "name": "13 店铺",
      "font_class": "dianpu",
      "unicode": "e62b",
      "unicode_decimal": 58923
    },
    {
      "icon_id": "3258060",
      "name": "14 日志",
      "font_class": "rizhi",
      "unicode": "e62c",
      "unicode_decimal": 58924
    },
    {
      "icon_id": "3258061",
      "name": "15 日历",
      "font_class": "rili",
      "unicode": "e62d",
      "unicode_decimal": 58925
    },
    {
      "icon_id": "3258063",
      "name": "16 定位",
      "font_class": "dingwei",
      "unicode": "e62e",
      "unicode_decimal": 58926
    },
    {
      "icon_id": "3258064",
      "name": "18 待付款",
      "font_class": "daifukuan",
      "unicode": "e62f",
      "unicode_decimal": 58927
    },
    {
      "icon_id": "3258065",
      "name": "19 待发货",
      "font_class": "daifahuo",
      "unicode": "e630",
      "unicode_decimal": 58928
    },
    {
      "icon_id": "3258066",
      "name": "20 待收货",
      "font_class": "daishouhuo",
      "unicode": "e631",
      "unicode_decimal": 58929
    },
    {
      "icon_id": "3258067",
      "name": "21 待评价",
      "font_class": "daipingjia",
      "unicode": "e632",
      "unicode_decimal": 58930
    },
    {
      "icon_id": "3258068",
      "name": "22 售后",
      "font_class": "shouhou",
      "unicode": "e633",
      "unicode_decimal": 58931
    },
    {
      "icon_id": "3258120",
      "name": "23 分类_大图",
      "font_class": "fenlei_datu",
      "unicode": "e634",
      "unicode_decimal": 58932
    },
    {
      "icon_id": "3258121",
      "name": "24 分类_列表",
      "font_class": "fenlei_liebiao",
      "unicode": "e635",
      "unicode_decimal": 58933
    },
    {
      "icon_id": "3258123",
      "name": "25 返回",
      "font_class": "fanhui",
      "unicode": "e636",
      "unicode_decimal": 58934
    },
    {
      "icon_id": "3258124",
      "name": "28 关闭",
      "font_class": "guanbi",
      "unicode": "e637",
      "unicode_decimal": 58935
    }
  ]
}
